url,label,source,date_collected
https://google.com,safe,tranco,2026-01-09T13:22:45.687755
https://gtld-servers.net,safe,tranco,2026-01-09T13:22:45.687776
https://microsoft.com,safe,tranco,2026-01-09T13:22:45.687778
https://facebook.com,safe,tranco,2026-01-09T13:22:45.687780
https://cloudflare.com,safe,tranco,2026-01-09T13:22:45.687782
https://googleapis.com,safe,tranco,2026-01-09T13:22:45.687783
https://mail.ru,safe,tranco,2026-01-09T13:22:45.687785
https://youtube.com,safe,tranco,2026-01-09T13:22:45.687788
https://apple.com,safe,tranco,2026-01-09T13:22:45.687789
https://amazonaws.com,safe,tranco,2026-01-09T13:22:45.687791
https://instagram.com,safe,tranco,2026-01-09T13:22:45.687792
https://dzen.ru,safe,tranco,2026-01-09T13:22:45.687794
https://gstatic.com,safe,tranco,2026-01-09T13:22:45.687795
https://twitter.com,safe,tranco,2026-01-09T13:22:45.687797
https://akamai.net,safe,tranco,2026-01-09T13:22:45.687798
https://office.com,safe,tranco,2026-01-09T13:22:45.687800
https://googlevideo.com,safe,tranco,2026-01-09T13:22:45.687801
https://linkedin.com,safe,tranco,2026-01-09T13:22:45.687803
https://live.com,safe,tranco,2026-01-09T13:22:45.687804
https://fbcdn.net,safe,tranco,2026-01-09T13:22:45.687806
https://googletagmanager.com,safe,tranco,2026-01-09T13:22:45.687807
https://amazon.com,safe,tranco,2026-01-09T13:22:45.687808
https://akamaiedge.net,safe,tranco,2026-01-09T13:22:45.687810
https://akadns.net,safe,tranco,2026-01-09T13:22:45.687811
https://workers.dev,safe,tranco,2026-01-09T13:22:45.687812
https://e2ro.com,safe,tranco,2026-01-09T13:22:45.687814
https://windowsupdate.com,safe,tranco,2026-01-09T13:22:45.687815
https://wikipedia.org,safe,tranco,2026-01-09T13:22:45.687816
https://azure.com,safe,tranco,2026-01-09T13:22:45.687818
https://microsoftonline.com,safe,tranco,2026-01-09T13:22:45.687819
https://github.com,safe,tranco,2026-01-09T13:22:45.687820
https://doubleclick.net,safe,tranco,2026-01-09T13:22:45.687822
https://domaincontrol.com,safe,tranco,2026-01-09T13:22:45.687824
https://netflix.com,safe,tranco,2026-01-09T13:22:45.687826
https://googleusercontent.com,safe,tranco,2026-01-09T13:22:45.687827
https://bing.com,safe,tranco,2026-01-09T13:22:45.687829
https://ax-msedge.net,safe,tranco,2026-01-09T13:22:45.687830
https://whatsapp.net,safe,tranco,2026-01-09T13:22:45.687832
https://digicert.com,safe,tranco,2026-01-09T13:22:45.687833
https://wordpress.org,safe,tranco,2026-01-09T13:22:45.687835
https://fastly.net,safe,tranco,2026-01-09T13:22:45.687837
https://apple-dns.net,safe,tranco,2026-01-09T13:22:45.687838
https://aaplimg.com,safe,tranco,2026-01-09T13:22:45.687840
https://youtu.be,safe,tranco,2026-01-09T13:22:45.687841
https://office.net,safe,tranco,2026-01-09T13:22:45.687843
https://appsflyersdk.com,safe,tranco,2026-01-09T13:22:45.687844
https://pinterest.com,safe,tranco,2026-01-09T13:22:45.687846
https://googlesyndication.com,safe,tranco,2026-01-09T13:22:45.687847
https://akam.net,safe,tranco,2026-01-09T13:22:45.687849
https://icloud.com,safe,tranco,2026-01-09T13:22:45.687851
https://yahoo.com,safe,tranco,2026-01-09T13:22:45.687852
https://t-msedge.net,safe,tranco,2026-01-09T13:22:45.687853
https://windows.net,safe,tranco,2026-01-09T13:22:45.687855
https://whatsapp.com,safe,tranco,2026-01-09T13:22:45.687856
https://sharepoint.com,safe,tranco,2026-01-09T13:22:45.687857
https://ripn.net,safe,tranco,2026-01-09T13:22:45.687859
https://goo.gl,safe,tranco,2026-01-09T13:22:45.687860
https://trafficmanager.net,safe,tranco,2026-01-09T13:22:45.687862
https://skype.com,safe,tranco,2026-01-09T13:22:45.687863
https://x.com,safe,tranco,2026-01-09T13:22:45.687865
https://cloudfront.net,safe,tranco,2026-01-09T13:22:45.687866
https://msn.com,safe,tranco,2026-01-09T13:22:45.687868
https://ntp.org,safe,tranco,2026-01-09T13:22:45.687870
https://spotify.com,safe,tranco,2026-01-09T13:22:45.687871
https://tiktok.com,safe,tranco,2026-01-09T13:22:45.687873
https://gandi.net,safe,tranco,2026-01-09T13:22:45.687875
https://tiktokcdn.com,safe,tranco,2026-01-09T13:22:45.687877
https://vimeo.com,safe,tranco,2026-01-09T13:22:45.687878
https://adobe.com,safe,tranco,2026-01-09T13:22:45.687880
https://pv-cdn.net,safe,tranco,2026-01-09T13:22:45.687882
https://dual-s-msedge.net,safe,tranco,2026-01-09T13:22:45.687883
https://roblox.com,safe,tranco,2026-01-09T13:22:45.687885
https://ytimg.com,safe,tranco,2026-01-09T13:22:45.687886
https://tiktokv.com,safe,tranco,2026-01-09T13:22:45.687888
https://gvt2.com,safe,tranco,2026-01-09T13:22:45.687889
https://yandex.net,safe,tranco,2026-01-09T13:22:45.687891
https://ln-msedge.net,safe,tranco,2026-01-09T13:22:45.687893
https://cloudflare.net,safe,tranco,2026-01-09T13:22:45.687895
https://qq.com,safe,tranco,2026-01-09T13:22:45.687897
https://googledomains.com,safe,tranco,2026-01-09T13:22:45.687899
https://wa.me,safe,tranco,2026-01-09T13:22:45.687900
https://gvt1.com,safe,tranco,2026-01-09T13:22:45.687902
https://nginx.org,safe,tranco,2026-01-09T13:22:45.687903
https://zoom.us,safe,tranco,2026-01-09T13:22:45.687905
https://google-analytics.com,safe,tranco,2026-01-09T13:22:45.687906
https://samsung.com,safe,tranco,2026-01-09T13:22:45.687908
https://behindmlm.com,safe,tranco,2026-01-09T13:22:45.687909
https://office365.com,safe,tranco,2026-01-09T13:22:45.687911
https://nic.ru,safe,tranco,2026-01-09T13:22:45.687912
https://baidu.com,safe,tranco,2026-01-09T13:22:45.687913
https://bit.ly,safe,tranco,2026-01-09T13:22:45.687915
https://opera.com,safe,tranco,2026-01-09T13:22:45.687917
https://edgekey.net,safe,tranco,2026-01-09T13:22:45.687918
https://cloudflare-dns.com,safe,tranco,2026-01-09T13:22:45.687920
https://wordpress.com,safe,tranco,2026-01-09T13:22:45.687921
https://edgesuite.net,safe,tranco,2026-01-09T13:22:45.687923
https://nginx.com,safe,tranco,2026-01-09T13:22:45.687925
https://ui.com,safe,tranco,2026-01-09T13:22:45.687926
https://windows.com,safe,tranco,2026-01-09T13:22:45.687928
https://yandex.ru,safe,tranco,2026-01-09T13:22:45.687929
https://cdninstagram.com,safe,tranco,2026-01-09T13:22:45.687931
https://mozilla.org,safe,tranco,2026-01-09T13:22:45.687932
https://unity3d.com,safe,tranco,2026-01-09T13:22:45.687933
https://sentry.io,safe,tranco,2026-01-09T13:22:45.687934
https://reddit.com,safe,tranco,2026-01-09T13:22:45.687936
https://vedcdnlb.com,safe,tranco,2026-01-09T13:22:45.687937
https://root-servers.net,safe,tranco,2026-01-09T13:22:45.687938
https://a2z.com,safe,tranco,2026-01-09T13:22:45.687940
https://f5.com,safe,tranco,2026-01-09T13:22:45.687942
https://vk.com,safe,tranco,2026-01-09T13:22:45.687944
https://wac-msedge.net,safe,tranco,2026-01-09T13:22:45.687945
https://okcdn.ru,safe,tranco,2026-01-09T13:22:45.687947
https://criteo.com,safe,tranco,2026-01-09T13:22:45.687948
https://blogspot.com,safe,tranco,2026-01-09T13:22:45.687950
https://googleadservices.com,safe,tranco,2026-01-09T13:22:45.687951
https://amazon-adsystem.com,safe,tranco,2026-01-09T13:22:45.687952
https://epicgames.com,safe,tranco,2026-01-09T13:22:45.687954
https://europa.eu,safe,tranco,2026-01-09T13:22:45.687955
https://t.me,safe,tranco,2026-01-09T13:22:45.687957
https://snapchat.com,safe,tranco,2026-01-09T13:22:45.687958
https://discord.gg,safe,tranco,2026-01-09T13:22:45.687959
https://bytefcdn-oversea.com,safe,tranco,2026-01-09T13:22:45.687961
https://dns.google,safe,tranco,2026-01-09T13:22:45.687962
https://apache.org,safe,tranco,2026-01-09T13:22:45.687963
https://dropbox.com,safe,tranco,2026-01-09T13:22:45.687965
https://app-measurement.com,safe,tranco,2026-01-09T13:22:45.687966
https://github.io,safe,tranco,2026-01-09T13:22:45.687968
https://gravatar.com,safe,tranco,2026-01-09T13:22:45.687969
https://spov-msedge.net,safe,tranco,2026-01-09T13:22:45.687971
https://dnsowl.com,safe,tranco,2026-01-09T13:22:45.687973
https://msedge.net,safe,tranco,2026-01-09T13:22:45.687974
https://intuit.com,safe,tranco,2026-01-09T13:22:45.687975
https://pki.goog,safe,tranco,2026-01-09T13:22:45.687977
https://xiaomi.com,safe,tranco,2026-01-09T13:22:45.687978
https://outlook.com,safe,tranco,2026-01-09T13:22:45.687980
https://amazon.dev,safe,tranco,2026-01-09T13:22:45.687981
https://amazonvideo.com,safe,tranco,2026-01-09T13:22:45.687982
https://steamserver.net,safe,tranco,2026-01-09T13:22:45.687984
https://cloud.microsoft,safe,tranco,2026-01-09T13:22:45.687985
https://nist.gov,safe,tranco,2026-01-09T13:22:45.687986
https://adnxs.com,safe,tranco,2026-01-09T13:22:45.687987
https://one.one,safe,tranco,2026-01-09T13:22:45.687989
https://app-analytics-services.com,safe,tranco,2026-01-09T13:22:45.687990
https://nih.gov,safe,tranco,2026-01-09T13:22:45.687992
https://applovin.com,safe,tranco,2026-01-09T13:22:45.687993
https://msftncsi.com,safe,tranco,2026-01-09T13:22:45.687994
https://archive.org,safe,tranco,2026-01-09T13:22:45.687996
https://forms.gle,safe,tranco,2026-01-09T13:22:45.687997
https://rubiconproject.com,safe,tranco,2026-01-09T13:22:45.687999
https://registrar-servers.com,safe,tranco,2026-01-09T13:22:45.688000
https://spo-msedge.net,safe,tranco,2026-01-09T13:22:45.688001
https://tumblr.com,safe,tranco,2026-01-09T13:22:45.688003
https://trbcdn.net,safe,tranco,2026-01-09T13:22:45.688004
https://miit.gov.cn,safe,tranco,2026-01-09T13:22:45.688006
https://b-cdn.net,safe,tranco,2026-01-09T13:22:45.688008
https://ggpht.com,safe,tranco,2026-01-09T13:22:45.688010
https://kaspersky.com,safe,tranco,2026-01-09T13:22:45.688012
https://telekom.de,safe,tranco,2026-01-09T13:22:45.688013
https://nytimes.com,safe,tranco,2026-01-09T13:22:45.688015
https://tiktokcdn-us.com,safe,tranco,2026-01-09T13:22:45.688016
https://cdn77.org,safe,tranco,2026-01-09T13:22:45.688018
https://vecdnlb.com,safe,tranco,2026-01-09T13:22:45.688019
https://3gppnetwork.org,safe,tranco,2026-01-09T13:22:45.688020
https://paypal.com,safe,tranco,2026-01-09T13:22:45.688022
https://shopify.com,safe,tranco,2026-01-09T13:22:45.688023
https://macromedia.com,safe,tranco,2026-01-09T13:22:45.688025
https://aws.dev,safe,tranco,2026-01-09T13:22:45.688026
https://aliyuncs.com,safe,tranco,2026-01-09T13:22:45.688028
https://pubmatic.com,safe,tranco,2026-01-09T13:22:45.688030
https://lencr.org,safe,tranco,2026-01-09T13:22:45.688032
https://flickr.com,safe,tranco,2026-01-09T13:22:45.688033
https://reg.ru,safe,tranco,2026-01-09T13:22:45.688035
https://discord.com,safe,tranco,2026-01-09T13:22:45.688036
https://medium.com,safe,tranco,2026-01-09T13:22:45.688039
https://cdn-apple.com,safe,tranco,2026-01-09T13:22:45.688040
https://msftconnecttest.com,safe,tranco,2026-01-09T13:22:45.688041
https://userapi.com,safe,tranco,2026-01-09T13:22:45.688043
https://godaddy.com,safe,tranco,2026-01-09T13:22:45.688044
https://adobe.io,safe,tranco,2026-01-09T13:22:45.688046
https://adsrvr.org,safe,tranco,2026-01-09T13:22:45.688047
https://miui.com,safe,tranco,2026-01-09T13:22:45.688048
https://soundcloud.com,safe,tranco,2026-01-09T13:22:45.688050
https://adtrafficquality.google,safe,tranco,2026-01-09T13:22:45.688051
https://nflxso.net,safe,tranco,2026-01-09T13:22:45.688053
https://w3.org,safe,tranco,2026-01-09T13:22:45.688054
https://cnn.com,safe,tranco,2026-01-09T13:22:45.688056
https://taboola.com,safe,tranco,2026-01-09T13:22:45.688057
https://vungle.com,safe,tranco,2026-01-09T13:22:45.688059
https://azurefd.net,safe,tranco,2026-01-09T13:22:45.688060
https://shifen.com,safe,tranco,2026-01-09T13:22:45.688061
https://theguardian.com,safe,tranco,2026-01-09T13:22:45.688063
https://azurewebsites.net,safe,tranco,2026-01-09T13:22:45.688064
https://chatgpt.com,safe,tranco,2026-01-09T13:22:45.688065
https://mailinabox.email,safe,tranco,2026-01-09T13:22:45.688067
https://avast.com,safe,tranco,2026-01-09T13:22:45.688068
https://example.com,safe,tranco,2026-01-09T13:22:45.688070
https://mts.ru,safe,tranco,2026-01-09T13:22:45.688071
https://creativecommons.org,safe,tranco,2026-01-09T13:22:45.688072
https://salesforce.com,safe,tranco,2026-01-09T13:22:45.688074
https://forbes.com,safe,tranco,2026-01-09T13:22:45.688075
http://182.116.51.0:51145/bin.sh,dangerous,phishing_database,2026-01-09T13:22:45.688078
http://116.139.42.16:47450/i,dangerous,phishing_database,2026-01-09T13:22:45.688080
http://182.119.57.20:43011/bin.sh,dangerous,phishing_database,2026-01-09T13:22:45.688082
http://130.12.180.43/files/8272401505/5iXTOyj.exe,dangerous,phishing_database,2026-01-09T13:22:45.688083
http://115.55.35.217:34455/i,dangerous,phishing_database,2026-01-09T13:22:45.688084
http://130.12.180.43/files/1400796521/pI5QZQk.exe,dangerous,phishing_database,2026-01-09T13:22:45.688086
http://59.88.41.63:53683/i,dangerous,phishing_database,2026-01-09T13:22:45.688088
http://123.10.96.181:56897/i,dangerous,phishing_database,2026-01-09T13:22:45.688089
http://42.237.58.152:39771/i,dangerous,phishing_database,2026-01-09T13:22:45.688091
http://42.178.81.144:55742/i,dangerous,phishing_database,2026-01-09T13:22:45.688092
http://115.55.60.118:59544/i,dangerous,phishing_database,2026-01-09T13:22:45.688093
http://130.12.180.43/files/5561582465/kdgXbnm.exe,dangerous,phishing_database,2026-01-09T13:22:45.688095
http://77.247.88.124:55628/i,dangerous,phishing_database,2026-01-09T13:22:45.688096
http://182.126.84.94:43184/i,dangerous,phishing_database,2026-01-09T13:22:45.688097
https://cdn.jsdelivr.net/gh/key-cnfg7win/browse/fl,dangerous,phishing_database,2026-01-09T13:22:45.688099
http://123.4.196.157:48994/i,dangerous,phishing_database,2026-01-09T13:22:45.688100
http://168.195.7.105:43167/i,dangerous,phishing_database,2026-01-09T13:22:45.688102
http://39.87.39.3:59987/bin.sh,dangerous,phishing_database,2026-01-09T13:22:45.688103
http://222.137.37.211:34753/i,dangerous,phishing_database,2026-01-09T13:22:45.688104
http://123.12.228.44:60548/i,dangerous,phishing_database,2026-01-09T13:22:45.688106
http://175.150.71.0:42556/i,dangerous,phishing_database,2026-01-09T13:22:45.688107
http://125.44.54.174:51705/i,dangerous,phishing_database,2026-01-09T13:22:45.688108
http://123.4.196.157:48994/bin.sh,dangerous,phishing_database,2026-01-09T13:22:45.688110
http://59.88.14.22:42127/bin.sh,dangerous,phishing_database,2026-01-09T13:22:45.688111
http://175.150.71.0:42556/bin.sh,dangerous,phishing_database,2026-01-09T13:22:45.688113
http://59.88.230.80:34200/i,dangerous,phishing_database,2026-01-09T13:22:45.688114
http://175.173.86.125:44323/i,dangerous,phishing_database,2026-01-09T13:22:45.688115
http://125.41.2.108:36497/i,dangerous,phishing_database,2026-01-09T13:22:45.688117
http://221.15.145.181:45053/i,dangerous,phishing_database,2026-01-09T13:22:45.688118
http://38.21.70.162:49776/i,dangerous,phishing_database,2026-01-09T13:22:45.688120
http://115.61.112.226:57898/i,dangerous,phishing_database,2026-01-09T13:22:45.688121
http://115.50.103.23:52151/i,dangerous,phishing_database,2026-01-09T13:22:45.688122
http://115.48.161.110:57946/i,dangerous,phishing_database,2026-01-09T13:22:45.688123
http://221.15.0.211:57207/i,dangerous,phishing_database,2026-01-09T13:22:45.688125
http://109.60.161.184:46475/i,dangerous,phishing_database,2026-01-09T13:22:45.688126
http://182.116.80.61:54052/i,dangerous,phishing_database,2026-01-09T13:22:45.688128
http://42.232.230.89:34632/i,dangerous,phishing_database,2026-01-09T13:22:45.688129
http://222.134.172.250:59543/i,dangerous,phishing_database,2026-01-09T13:22:45.688130
http://115.57.161.67:58576/i,dangerous,phishing_database,2026-01-09T13:22:45.688131
http://112.239.96.57:44938/i,dangerous,phishing_database,2026-01-09T13:22:45.688133
http://182.114.49.56:54043/i,dangerous,phishing_database,2026-01-09T13:22:45.688134
http://42.226.220.54:36534/i,dangerous,phishing_database,2026-01-09T13:22:45.688135
http://175.173.86.125:44323/bin.sh,dangerous,phishing_database,2026-01-09T13:22:45.688137
http://182.114.49.56:54043/bin.sh,dangerous,phishing_database,2026-01-09T13:22:45.688138
http://130.12.180.43/files/7103746036/Z4H0HNY.exe,dangerous,phishing_database,2026-01-09T13:22:45.688139
http://42.56.50.199:56001/i,dangerous,phishing_database,2026-01-09T13:22:45.688141
http://117.253.150.8:58336/bin.sh,dangerous,phishing_database,2026-01-09T13:22:45.688142
http://87.121.112.123/fentsh4,dangerous,phishing_database,2026-01-09T13:22:45.688143
http://87.121.112.123/fentarm7,dangerous,phishing_database,2026-01-09T13:22:45.688145
http://87.121.112.123/fentarm4,dangerous,phishing_database,2026-01-09T13:22:45.688146
http://87.121.112.123/fentdots,dangerous,phishing_database,2026-01-09T13:22:45.688147
http://87.121.112.123/fentarm6,dangerous,phishing_database,2026-01-09T13:22:45.688149
http://87.121.112.123/fentppc,dangerous,phishing_database,2026-01-09T13:22:45.688150
http://87.121.112.123/fentchrome,dangerous,phishing_database,2026-01-09T13:22:45.688152
http://87.121.112.123/fentarm5,dangerous,phishing_database,2026-01-09T13:22:45.688153
http://182.116.23.179:53196/i,dangerous,phishing_database,2026-01-09T13:22:45.688155
http://42.227.238.161:60272/i,dangerous,phishing_database,2026-01-09T13:22:45.688156
http://42.226.220.54:36534/bin.sh,dangerous,phishing_database,2026-01-09T13:22:45.688157
http://87.121.112.123/wap,dangerous,phishing_database,2026-01-09T13:22:45.688158
http://87.121.112.123/Josho.spc,dangerous,phishing_database,2026-01-09T13:22:45.688160
http://87.121.112.123/rt,dangerous,phishing_database,2026-01-09T13:22:45.688161
http://87.121.112.123/Josho.m68k,dangerous,phishing_database,2026-01-09T13:22:45.688162
http://117.248.25.107:55680/i,dangerous,phishing_database,2026-01-09T13:22:45.688164
http://117.248.25.107:55680/bin.sh,dangerous,phishing_database,2026-01-09T13:22:45.688165
http://125.45.8.158:37569/bin.sh,dangerous,phishing_database,2026-01-09T13:22:45.688166
http://182.143.115.130:81/modules/Video.scr,dangerous,phishing_database,2026-01-09T13:22:45.688168
http://182.143.115.130:81/images/Photo.scr,dangerous,phishing_database,2026-01-09T13:22:45.688169
http://182.143.115.130:81/modules/Photo.scr,dangerous,phishing_database,2026-01-09T13:22:45.688170
http://182.143.115.130:81/Video.scr,dangerous,phishing_database,2026-01-09T13:22:45.688172
http://182.143.115.130:81/images/Video.scr,dangerous,phishing_database,2026-01-09T13:22:45.688173
http://182.143.115.130:81/assets/Photo.scr,dangerous,phishing_database,2026-01-09T13:22:45.688175
http://182.143.115.130:81/Photo.scr,dangerous,phishing_database,2026-01-09T13:22:45.688176
http://113.116.219.139:9980/Video.scr,dangerous,phishing_database,2026-01-09T13:22:45.688177
http://113.116.219.139:9980/Photo.scr,dangerous,phishing_database,2026-01-09T13:22:45.688178
http://182.143.115.130:81/images/Video.lnk,dangerous,phishing_database,2026-01-09T13:22:45.688180
http://182.143.115.130:81/Video.lnk,dangerous,phishing_database,2026-01-09T13:22:45.688181
http://182.143.115.130:81/assets/Video.lnk,dangerous,phishing_database,2026-01-09T13:22:45.688182
http://182.143.115.130:81/images/Photo.lnk,dangerous,phishing_database,2026-01-09T13:22:45.688184
http://182.143.115.130:81/assets/Photo.lnk,dangerous,phishing_database,2026-01-09T13:22:45.688185
http://182.143.115.130:81/modules/Photo.lnk,dangerous,phishing_database,2026-01-09T13:22:45.688186
http://182.143.115.130:81/modules/Video.lnk,dangerous,phishing_database,2026-01-09T13:22:45.688188
http://182.116.23.179:53196/bin.sh,dangerous,phishing_database,2026-01-09T13:22:45.688189
http://115.53.220.247:40819/bin.sh,dangerous,phishing_database,2026-01-09T13:22:45.688190
http://42.227.238.161:60272/bin.sh,dangerous,phishing_database,2026-01-09T13:22:45.688192
http://182.118.190.205:51293/i,dangerous,phishing_database,2026-01-09T13:22:45.688193
http://117.244.37.9:35845/bin.sh,dangerous,phishing_database,2026-01-09T13:22:45.688194
http://182.126.84.94:43184/bin.sh,dangerous,phishing_database,2026-01-09T13:22:45.688196
http://117.192.120.224:54557/bin.sh,dangerous,phishing_database,2026-01-09T13:22:45.688197
http://182.143.115.130:81/assets/fonts/AV.lnk,dangerous,phishing_database,2026-01-09T13:22:45.688198
http://182.143.115.130:81/AV.scr,dangerous,phishing_database,2026-01-09T13:22:45.688200
http://182.143.115.130:81/images/AV.scr,dangerous,phishing_database,2026-01-09T13:22:45.688201
http://182.143.115.130:81/assets/AV.scr,dangerous,phishing_database,2026-01-09T13:22:45.688202
http://182.143.115.130:81/modules/AV.scr,dangerous,phishing_database,2026-01-09T13:22:45.688203
http://125.19.150.122/Aug/02-08-2023/info.zip,dangerous,phishing_database,2026-01-09T13:22:45.688205
http://125.19.150.122/Aug/08-08-2023/info.zip,dangerous,phishing_database,2026-01-09T13:22:45.688206
http://76.238.215.206/dev_hdd0/info.zip,dangerous,phishing_database,2026-01-09T13:22:45.688207
http://125.19.150.122/Aug/10-08-2023/info.zip,dangerous,phishing_database,2026-01-09T13:22:45.688209
http://125.19.150.122/Aug/11-08-2023/info.zip,dangerous,phishing_database,2026-01-09T13:22:45.688210
http://125.19.150.122/Aug/04-08-2023/info.zip,dangerous,phishing_database,2026-01-09T13:22:45.688211
http://125.19.150.122/Aug/05-08-2023/info.zip,dangerous,phishing_database,2026-01-09T13:22:45.688213
https://bit.proxette.cc/info?b=YTo0OntzOjU6ImxhYmVsIjtzOjA6IiI7czozOiJ1c3IiO2k6Mjk3O3M6NDoibm9wZCI7czoxMToiZmxleHByb3guY2MiO3M6MToibyI7aTozNTt9,dangerous,phishing_database,2026-01-09T13:22:45.688214
http://davvnig.github.io/restpassword-login,dangerous,phishing_database,2026-01-09T13:22:45.688215
http://sshekhar758.github.io/Projects,dangerous,phishing_database,2026-01-09T13:22:45.688217
http://sso-uphold-com-cdnn-auth-en-u.webflow.io/,dangerous,phishing_database,2026-01-09T13:22:45.688218
http://shilpa-sahu.github.io/Amazon-Clone-UI,dangerous,phishing_database,2026-01-09T13:22:45.688219
http://public-xi-lemon.vercel.app/,dangerous,phishing_database,2026-01-09T13:22:45.688221
http://pub-fa46bb237778499f8694f37603fa5dd6.r2.dev/index.html,dangerous,phishing_database,2026-01-09T13:22:45.688222
http://dukungjobsumkmmitra.com/,dangerous,phishing_database,2026-01-09T13:22:45.688223
http://mobashops.merchantevent.com/,dangerous,phishing_database,2026-01-09T13:22:45.688224
https://www.idaruba.shop/,dangerous,phishing_database,2026-01-09T13:22:45.688226
https://www.roblox.com.ml/games/77182599101794/4nn1s-Place?privateServerLinkCode=04325820691961105439092927057843,dangerous,phishing_database,2026-01-09T13:22:45.688227
https://bipulverma007.github.io/netflixwebdesign/,dangerous,phishing_database,2026-01-09T13:22:45.688228
https://acctverifytele.surge.sh/,dangerous,phishing_database,2026-01-09T13:22:45.688230
https://www.robiox.com.py/games/112371649846345/Spin-a-Brainrot?privateServerLinkCode=616247352093015231585606588858,dangerous,phishing_database,2026-01-09T13:22:45.688231
http://metacaseconfirm-pagesupportcenter-verifynow-3f1.pages.dev/meta-community-standard,dangerous,phishing_database,2026-01-09T13:22:45.688234
http://z6mwn0p8qq8ew.duckdns.org/ja/main,dangerous,phishing_database,2026-01-09T13:22:45.688236
https://bcmontipt.sbs/,dangerous,phishing_database,2026-01-09T13:22:45.688237
https://bcmont-p.top/,dangerous,phishing_database,2026-01-09T13:22:45.688238
https://www.robiox.com.py/users/352885243852/profile,dangerous,phishing_database,2026-01-09T13:22:45.688240
http://lordwick5.github.io/Amazon-clone,dangerous,phishing_database,2026-01-09T13:22:45.688241
http://shamim07-ansari.github.io/Amazone-clone,dangerous,phishing_database,2026-01-09T13:22:45.688242
http://sujanabonthu.github.io/amazon-clone,dangerous,phishing_database,2026-01-09T13:22:45.688244
https://im.nbpublic.com/loading_page/paypal/paypal_cf_9/index.html?lptoken=178b679293c5996d23ca&cep=N4Igdgpg7g+gFgSwC4wQExALhGgjAIwGYJdDCBaAMwDZbyAWAVkoAZz8AmXADnYjXpoOjAJz5ulfCAA0IAG4IAzslQZsLfNUqUA7N3rlCAQ3ocGRwge4jT7EZZaFcEVjogz5SlUgQBbCIpIRr4ADlggHCwc1OQsuLEiACosjJiMqRyEAHTUhNwAWh4KykgA9gBOquGM9PRGuBwiEOQ6HDqUDDRo5BaM3RyUZPg6RpIsAMaEHuPBIUYIAOZgVdjU3EZaLGh9znHjLHHREOMQ9JQeYKVoECsgLDC4F1c3SACeIe7YADJGYGgIYAWT2uMHGcHmYCwAG07g8QABdWQhcoBCAAG2OSH4MEu1ywoDeH3CPz+AKBsiC5QWEBQ6HCa20hBoOiGtREBwaNQ4aGoj1kuJudPUcP5EAAHkh8SBCZ8QAB5bQQcoeSnU2lqEBrDbHfCMFLXfBoDltXAiRim4GCjX3G0AH3uuBgLHtMA4TpdhCdF3FkswYAArmi0QBfYOyMEQmAhUolBClSGYUDjf3lFFgJAAOWeAEk/uKsCxZPhyr8wbn/idFND4WGQEoYCj/ijxr6kOV/RBZABHRRhRMgIxoOSg2bzJa3YCDkehVTBjyD4elRWVIUgSdDhWUJXZtBz2SjSgINEIIxYicAAQBlFKWUU/vwoPBYEgaPPe4Hf3KpXQE+uch376/GgX4/j+vjbOEwB/juACy2zvuMx7jAA1heV43ohCAoegb7TCip4IHIVqQeM+E+ERAF4RABFETiwSysApHUeREAZvR74LPMGrAJx6AcVxMDgYwkG8WgcGMO+6CUEYkFSUYkloNJgkQdgwByeJkn+AgslaZpEAIMpwmqX4+kaR4vhGOMkEWeM742YZ1mWWZsilFxkGuXxHgeWgDmqd5zkgEuW6VGA9GQZeYDXlkMyhGOYBZEFSp0f4uGyP6Mmqel77+v6q7ABFUUxXMizxaFKVzrW9aQFAWDSWiigQMGQA=,dangerous,phishing_database,2026-01-09T13:22:45.688245
https://jii.li/mycss-ch,dangerous,phishing_database,2026-01-09T13:22:45.688246
http://events.specialfor.za.com/,dangerous,phishing_database,2026-01-09T13:22:45.688248
http://ldmartin68.com/amendesFrance/infospage.php,dangerous,phishing_database,2026-01-09T13:22:45.688249
http://weizihua.github.io/MyEtherWallet/,dangerous,phishing_database,2026-01-09T13:22:45.688251
http://76ux565ib3fbv.duckdns.org/en/,dangerous,phishing_database,2026-01-09T13:22:45.688252
https://soumyajit-dev.github.io/amazon2.0/,dangerous,phishing_database,2026-01-09T13:22:45.688253
http://soumyajit-dev.github.io/amazon2.0,dangerous,phishing_database,2026-01-09T13:22:45.688255
https://mycss-ch-das-kundenportal.up.railway.app/APAB,dangerous,phishing_database,2026-01-09T13:22:45.688256
https://sujal-02.github.io/Amazon.github.io/,dangerous,phishing_database,2026-01-09T13:22:45.688258
http://sujal-02.github.io/Amazon.github.io,dangerous,phishing_database,2026-01-09T13:22:45.688259
http://blockkfilogin9.godaddysites.com/,dangerous,phishing_database,2026-01-09T13:22:45.688260
https://supplychain.servirtual.cl/,dangerous,phishing_database,2026-01-09T13:22:45.688261
http://dhl.servirtual.cl/,dangerous,phishing_database,2026-01-09T13:22:45.688263
http://www.codashophf.wewekab.web.id/,dangerous,phishing_database,2026-01-09T13:22:45.688264
https://www.roblox.com.ht/users/370951116193/profile,dangerous,phishing_database,2026-01-09T13:22:45.688266
http://blockfifi_log_usa.godaddysites.com/,dangerous,phishing_database,2026-01-09T13:22:45.688267
https://www.bet365365.tw/,dangerous,phishing_database,2026-01-09T13:22:45.688268
http://meu-ttaa-maskk-logiin.godaddysites.com/,dangerous,phishing_database,2026-01-09T13:22:45.688270
http://gemini-usa-loggieez.godaddysites.com/,dangerous,phishing_database,2026-01-09T13:22:45.688271
https://roblox.com.ge/communities/4116970153/,dangerous,phishing_database,2026-01-09T13:22:45.688272
http://azim-vp.github.io/Azim-fb,dangerous,phishing_database,2026-01-09T13:22:45.688274
https://www.whtasapp-er.com/,dangerous,phishing_database,2026-01-09T13:22:45.688275
https://pub-60d312a8744b48ab85e0083e881ed927.r2.dev/index.html?60d5dedde965fad92b77dd07e167fa/,dangerous,phishing_database,2026-01-09T13:22:45.688276
http://ce017851.tw1.ru/,dangerous,phishing_database,2026-01-09T13:22:45.688278
http://pub-6466a9af5ad34581a412c8f005d5697f.r2.dev/index.html,dangerous,phishing_database,2026-01-09T13:22:45.688279
https://roblox.com.ly/communities/5899378789/,dangerous,phishing_database,2026-01-09T13:22:45.688280
https://netfimarketing.com/fd8a934aevc24e4d2fb8f735f7bsa5ccf8e4.html,dangerous,phishing_database,2026-01-09T13:22:45.688282
https://www.19980406.xyz/,dangerous,phishing_database,2026-01-09T13:22:45.688283
https://zimbrapssupdte.vercel.app/zmbauth.html,dangerous,phishing_database,2026-01-09T13:22:45.688284
http://riddhis10.github.io/Amazon_clone,dangerous,phishing_database,2026-01-09T13:22:45.688286
http://76ux565ib3fbv.duckdns.org/ja/,dangerous,phishing_database,2026-01-09T13:22:45.688287
https://soumya-ranjan-2000.github.io/netflix-template/,dangerous,phishing_database,2026-01-09T13:22:45.688288
https://diwakarjigaming-design.github.io/FBHelpCenter/,dangerous,phishing_database,2026-01-09T13:22:45.688290
https://m6839.github.io/Netflix-Homepage/,dangerous,phishing_database,2026-01-09T13:22:45.688291
https://roblox.com.ge/communities/4054556646/,dangerous,phishing_database,2026-01-09T13:22:45.688293
https://www.roblox.com.ml/communities/5704191829/Rbx-Donate,dangerous,phishing_database,2026-01-09T13:22:45.688294
http://fpfz.duckdns.org/,dangerous,phishing_database,2026-01-09T13:22:45.688295
https://roblox.com.ge/games/109777880839267/Happy-Swap-Game-NEW?privateServerLinkCode=87371190558781726230797581305249,dangerous,phishing_database,2026-01-09T13:22:45.688297
https://regin.abbage.info/?app_vl=aHx2kG9naIeVoL2twK2XgndfpsKj1Zqerphf,dangerous,phishing_database,2026-01-09T13:22:45.688298
https://workstation-support.com/1c7504a775742940f8c02329f0772af7a4121d49,dangerous,phishing_database,2026-01-09T13:22:45.688299
http://sumitp241.github.io/Amazonclone,dangerous,phishing_database,2026-01-09T13:22:45.688301
http://tax.securebankinggroup.com/s/63BZGFSVBWSFCDX7Y9/584dd8/90eab167-7429-489f-99f6-ce86e8d0d81a,dangerous,phishing_database,2026-01-09T13:22:45.688302
http://prmsyn-basvrs-yap.cfd/,dangerous,phishing_database,2026-01-09T13:22:45.688304
https://www.roblox.com.ht/users/268536535882/profile,dangerous,phishing_database,2026-01-09T13:22:45.688305
https://roblox.com.ge/users/3211584692/profile,dangerous,phishing_database,2026-01-09T13:22:45.688306
https://ranitderia.github.io/netflix-clone/,dangerous,phishing_database,2026-01-09T13:22:45.688308
http://shubham02kumar.github.io/codeshubham,dangerous,phishing_database,2026-01-09T13:22:45.688309
http://kucown-log-in.godaddysites.com/,dangerous,phishing_database,2026-01-09T13:22:45.688310
https://zehan2244.github.io/home-work-3/,dangerous,phishing_database,2026-01-09T13:22:45.688312
http://ibm-clone-website.vercel.app/,dangerous,phishing_database,2026-01-09T13:22:45.688313
http://trzoisdfsdf.sibleb42.workers.dev/,dangerous,phishing_database,2026-01-09T13:22:45.688314
https://roblox.com.ge/users/9448591933/profile,dangerous,phishing_database,2026-01-09T13:22:45.688316
http://coinbaseloginu.blogspot.com/,dangerous,phishing_database,2026-01-09T13:22:45.688317
http://1pdnf475eiwio.duckdns.org/en/,dangerous,phishing_database,2026-01-09T13:22:45.688318
http://mett-amuske-olglin.godaddysites.com/,dangerous,phishing_database,2026-01-09T13:22:45.688320
http://selerted.business-minagne.com/,dangerous,phishing_database,2026-01-09T13:22:45.688321
https://datagivers.com/5245db394eb31b4276682e73cecq17dfcf7b.html,dangerous,phishing_database,2026-01-09T13:22:45.688323
https://identifiezvous.godaddysites.com/,dangerous,phishing_database,2026-01-09T13:22:45.688324
http://www.identifiezvous.godaddysites.com/,dangerous,phishing_database,2026-01-09T13:22:45.688325
https://www.techflarezone.cfd/X1OIL4,dangerous,phishing_database,2026-01-09T13:22:45.688327
https://exploredoctors.com/grade/all11.html?eta=3mail@a.b.c0,dangerous,phishing_database,2026-01-09T13:22:45.688328
https://codashophf.wewekab.web.id/,dangerous,phishing_database,2026-01-09T13:22:45.688329
http://priyanshuanand166.github.io/Amazone-Clone,dangerous,phishing_database,2026-01-09T13:22:45.688331
http://therahulsonawane.github.io/Amazon-Clone,dangerous,phishing_database,2026-01-09T13:22:45.688332
http://www.robloxtutorial.com/roblox-fis...,dangerous,phishing_database,2026-01-09T13:22:45.688333
https://exploredoctors.com/ok/all11.html?eta=3mail@a.b.c0,dangerous,phishing_database,2026-01-09T13:22:45.688335
https://7654896.cyou/s/merchant/bank/cGF5cGFs/Ml8w/login,dangerous,phishing_database,2026-01-09T13:22:45.688336
http://site-agngjkc19.godaddysites.com/,dangerous,phishing_database,2026-01-09T13:22:45.688337
https://premiiado-2026.v6.rocks/B85546/7554488157447801/home.php,dangerous,phishing_database,2026-01-09T13:22:45.688339
http://bet411.cc/,dangerous,phishing_database,2026-01-09T13:22:45.688340
https://brid-trezr.pages.dev/,dangerous,phishing_database,2026-01-09T13:22:45.688342
https://roblox.com.ml/communities/8599143810/Salon,dangerous,phishing_database,2026-01-09T13:22:45.688343
https://servicezohl.sbs/TrackConfirm/,dangerous,phishing_database,2026-01-09T13:22:45.688344
http://www.metum-aslme2log1ne.godaddysites.com/,dangerous,phishing_database,2026-01-09T13:22:45.688346
https://roblox.com.ge/games/8737899170/Pet-Simulator-99?privateServerLinkCode=02675735371256453181568499915266,dangerous,phishing_database,2026-01-09T13:22:45.688347
https://lzlwj.pages.dev/-/zh/gp/most-gifted/books/7406072011/ref=zg_mg_nav_books_3_8953370011,dangerous,phishing_database,2026-01-09T13:22:45.688349
http://www.brokehouse.com.au/js/WEbMail.html,dangerous,phishing_database,2026-01-09T13:22:45.688350
